{
  "train_loss": [
    2.008650442597213,
    1.7504337319902554,
    1.559445224749814,
    1.4613601941211967,
    1.400253579115412,
    1.3637260274522622,
    1.3386756796745738,
    1.311136507684258,
    1.2916889426055227,
    1.266773655915716,
    1.2052027617290522,
    1.1017468146457794,
    0.9629502398952557,
    0.8313987350008291,
    0.6877725659661992,
    0.4988004755062662,
    0.38868052014120064,
    0.33859442715432236,
    0.2560392428830171,
    0.21657769111501182,
    0.19774749770665626,
    0.16818242361116562,
    0.17092356389495217,
    0.14681911954929114,
    0.1326806941514562,
    0.12698911226526566,
    0.07320616897314218,
    0.059361356227498524,
    0.05636625952876297,
    0.05103052441612076,
    0.07278269057156174,
    0.035380527728599065,
    0.031633130691435404,
    0.028871108937984818,
    0.02741851036920313,
    0.022831230709080105,
    0.019689978030658545,
    0.018035911261637925,
    0.017871585376501367,
    0.014834179933357889,
    0.017540209870310915,
    0.011946864011638152,
    0.015245038110638263,
    0.011968304161026861,
    0.013343642348242675,
    0.01353009450130734,
    0.0135190721466295,
    0.010443894552944857,
    0.01410126572016591,
    0.01509595708736177
  ],
  "train_acc": [
    0.0010947452229299363,
    0.002089968152866242,
    0.004677547770700637,
    0.005772292993630573,
    0.009753184713375796,
    0.007663216560509554,
    0.012937898089171975,
    0.01731687898089172,
    0.01900875796178344,
    0.020501592356687897,
    0.03105095541401274,
    0.05443869426751592,
    0.09404856687898089,
    0.15376194267515925,
    0.24064490445859874,
    0.42038216560509556,
    0.5557324840764332,
    0.6285828025477707,
    0.7237261146496815,
    0.7750796178343949,
    0.7935907643312102,
    0.8268312101910829,
    0.8398686305732485,
    0.8543988853503185,
    0.867734872611465,
    0.8774880573248408,
    0.9321257961783439,
    0.9459593949044586,
    0.9467555732484076,
    0.9509355095541401,
    0.942078025477707,
    0.9683519108280255,
    0.9702428343949044,
    0.9740246815286624,
    0.9775079617834395,
    0.9795979299363057,
    0.9850716560509554,
    0.9826831210191083,
    0.9869625796178344,
    0.9866640127388535,
    0.9835788216560509,
    0.9892515923566879,
    0.9871616242038217,
    0.9898487261146497,
    0.990047770700637,
    0.9891520700636943,
    0.9891520700636943,
    0.9897492038216561,
    0.9890525477707006,
    0.9877587579617835
  ],
  "val_loss": [
    1.7797551453113556,
    1.635616134852171,
    1.440816543996334,
    1.3870453871786594,
    1.3482167795300484,
    1.320728749036789,
    1.2941786535084248,
    1.2728107795119286,
    1.2388286925852299,
    1.2068446427583694,
    1.0983033291995525,
    0.9545226935297251,
    0.7245355322957039,
    0.616116126999259,
    0.36150362994521856,
    0.21546235075220466,
    0.1209182080347091,
    0.10680274805054069,
    0.051292542018927634,
    0.11117906239815056,
    0.05155902466503903,
    0.021137217903742567,
    0.11671503633260727,
    0.04768235789379105,
    0.02475047844927758,
    0.044795958121540025,
    0.008110713311907602,
    0.011805702622950776,
    0.019141096679959446,
    0.021641110457494506,
    0.011454972838691901,
    0.005121256622260262,
    0.025085732448133058,
    0.013003917961214029,
    0.019820470644390298,
    0.01760982755013174,
    0.015570041032333393,
    0.00035472885974741075,
    0.004825310578780773,
    0.0019627972117177706,
    0.004304776123035481,
    0.003830892729865809,
    0.004445120406330716,
    0.006031868154536824,
    0.004300121584265071,
    0.0001700078088333612,
    0.0007612366033526996,
    5.8084082638742984e-05,
    0.0006631187761740875,
    9.48005745158298e-05
  ],
  "val_acc": [
    0.00244140625,
    0.00537109375,
    0.0048828125,
    0.00830078125,
    0.00830078125,
    0.01025390625,
    0.0166015625,
    0.021484375,
    0.0205078125,
    0.02734375,
    0.05224609375,
    0.08740234375,
    0.19287109375,
    0.24462890625,
    0.5146484375,
    0.71533203125,
    0.88916015625,
    0.89404296875,
    0.9462890625,
    0.91162109375,
    0.962890625,
    0.97802734375,
    0.92578125,
    0.96044921875,
    0.97705078125,
    0.96484375,
    0.99365234375,
    0.99169921875,
    0.98681640625,
    0.986328125,
    0.9892578125,
    0.9951171875,
    0.9853515625,
    0.99169921875,
    0.9892578125,
    0.99169921875,
    0.9921875,
    0.99951171875,
    0.9970703125,
    0.99853515625,
    0.9970703125,
    0.99853515625,
    0.998046875,
    0.99609375,
    0.998046875,
    0.99951171875,
    0.99951171875,
    1.0,
    0.99951171875,
    1.0
  ],
  "test_loss": 5.784480197235098e-05,
  "test_acc": 1.0
}