{
  "train_loss": [
    0.7044659757614136,
    0.6932011375427246,
    0.691805504989624,
    0.6905818235397339,
    0.6884266357421875,
    0.6825691715240478,
    0.6776871263504028,
    0.6742267987251281,
    0.6671544378280639,
    0.6590336394309998,
    0.6517922692298889,
    0.648285607624054,
    0.6417038914680481,
    0.6374309148788452,
    0.6351739119529725,
    0.6295793429374695,
    0.628372896528244,
    0.6244345299720764,
    0.625896598815918,
    0.6218774950027466
  ],
  "train_acc": [
    0.5018,
    0.514,
    0.5244,
    0.5269,
    0.5395,
    0.554,
    0.5749,
    0.5751,
    0.5867,
    0.6034,
    0.6149,
    0.6135,
    0.6248,
    0.6312,
    0.6343,
    0.6488,
    0.6425,
    0.6501,
    0.6495,
    0.651
  ],
  "val_loss": [
    0.6936115455627442,
    0.6947332434654235,
    0.6970842590332031,
    0.6949839735031128,
    0.6995258355140686,
    0.7040494260787964,
    0.7024417848587036,
    0.7145322165489196,
    0.7126459074020386,
    0.7236837005615234,
    0.7297744107246399,
    0.7276018362045288,
    0.7324861249923706,
    0.7344595670700074,
    0.7387156662940979,
    0.7433414559364319,
    0.7487448534965515,
    0.7488203611373901,
    0.7463214406967164,
    0.7472908606529236
  ],
  "val_acc": [
    0.515,
    0.494,
    0.4935,
    0.51,
    0.5045,
    0.4885,
    0.5075,
    0.48,
    0.4995,
    0.495,
    0.4905,
    0.507,
    0.5075,
    0.501,
    0.491,
    0.4945,
    0.493,
    0.4875,
    0.4945,
    0.4935
  ]
}