{
  "train_loss": [
    0.7053838562965393,
    0.6932631568908691,
    0.6920547301292419,
    0.6872738924980164,
    0.6862669591903686,
    0.6836019666671753,
    0.6760078524589539,
    0.6693268513679504,
    0.6541687624931335,
    0.6452793758392334,
    0.6357415709495544,
    0.6261212671279908,
    0.614952132320404,
    0.6017072804450989,
    0.5996333984375,
    0.5974923875808715,
    0.5859718435764313,
    0.5796301846504212,
    0.5798736164093018,
    0.5760500231742859
  ],
  "train_acc": [
    0.4952,
    0.5198,
    0.5234,
    0.5399,
    0.5428,
    0.5564,
    0.5714,
    0.585,
    0.6111,
    0.6248,
    0.6348,
    0.642,
    0.6552,
    0.6703,
    0.6737,
    0.6716,
    0.6838,
    0.6889,
    0.6885,
    0.698
  ],
  "val_loss": [
    0.6965214738845825,
    0.7025002355575561,
    0.7029619626998901,
    0.6950801191329956,
    0.7031691632270813,
    0.7067244763374328,
    0.7167323694229126,
    0.7265108256340027,
    0.725344910144806,
    0.7363420825004577,
    0.7433638148307801,
    0.7693369331359863,
    0.7743133115768432,
    0.7880399856567383,
    0.8008714761734009,
    0.7877702798843383,
    0.8019918866157532,
    0.8071066431999206,
    0.8132006711959839,
    0.8186780233383179
  ],
  "val_acc": [
    0.495,
    0.484,
    0.496,
    0.514,
    0.4945,
    0.5015,
    0.486,
    0.4905,
    0.4925,
    0.493,
    0.498,
    0.494,
    0.4975,
    0.497,
    0.4865,
    0.4985,
    0.5,
    0.495,
    0.4955,
    0.4945
  ]
}