{
  "train_loss": [
    0.7003497682571411,
    0.5730678340911866,
    0.2588699234008789,
    0.17945596783161163,
    0.15656820487976075,
    0.1498106976032257,
    0.13327262598276138,
    0.12457200646400451,
    0.1250817536354065,
    0.11346768209934234,
    0.10768828085064888,
    0.10178549923896789,
    0.0999804523229599,
    0.0894717482149601,
    0.08376344489753246,
    0.07653891991674901,
    0.07176446974948049,
    0.06549672427773476,
    0.06864561373740434,
    0.0595313260614872
  ],
  "train_acc": [
    0.5098,
    0.67,
    0.8962,
    0.9324,
    0.9403,
    0.9464,
    0.9501,
    0.9554,
    0.9559,
    0.9586,
    0.9626,
    0.9645,
    0.9639,
    0.9686,
    0.9701,
    0.9726,
    0.9755,
    0.9771,
    0.9766,
    0.98
  ],
  "val_loss": [
    0.682675265789032,
    0.2865633180141449,
    0.16747572249174117,
    0.13523452347517015,
    0.11798800393939018,
    0.11646952146291732,
    0.1047661058306694,
    0.10366584271192551,
    0.1050796434879303,
    0.10918041157722473,
    0.10015017721056939,
    0.11244015091657639,
    0.1286081752181053,
    0.11179365968704223,
    0.11468080794811249,
    0.10623568376898765,
    0.10479046896100044,
    0.09737292431294918,
    0.09670873486995697,
    0.09469944286346435
  ],
  "val_acc": [
    0.572,
    0.878,
    0.938,
    0.9535,
    0.9585,
    0.96,
    0.9645,
    0.9645,
    0.964,
    0.9645,
    0.966,
    0.9635,
    0.961,
    0.963,
    0.9625,
    0.9655,
    0.967,
    0.9705,
    0.9705,
    0.9715
  ]
}