{
  "sample0_encoder_L0": 1.715409278869629,
  "sample0_encoder_L1": 1.6642966270446777,
  "sample1_encoder_L0": 1.7006117105484009,
  "sample1_encoder_L1": 1.6455103158950806,
  "sample2_encoder_L0": 1.6925147771835327,
  "sample2_encoder_L1": 1.6543266773223877,
  "sample3_encoder_L0": 1.6789017915725708,
  "sample3_encoder_L1": 1.655504822731018
}